지역명,날짜,일몰시간
독도,20200101,17:05
독도,20200102,17:06
독도,20200103,17:07
독도,20200104,17:08
독도,20200105,17:08
독도,20200106,17:09
독도,20200107,17:10
독도,20200108,17:11
독도,20200109,17:12
독도,20200110,17:13
독도,20200111,17:14
독도,20200112,17:15
독도,20200113,17:16
독도,20200114,17:17
독도,20200115,17:18
독도,20200116,17:19
독도,20200117,17:20
독도,20200118,17:21
독도,20200119,17:22
독도,20200120,17:23
독도,20200121,17:24
독도,20200122,17:25
독도,20200123,17:26
독도,20200124,17:27
독도,20200125,17:28
독도,20200126,17:29
독도,20200127,17:31
독도,20200128,17:32
독도,20200129,17:33
독도,20200130,17:34
독도,20200131,17:35
독도,20200201,17:36
독도,20200202,17:37
독도,20200203,17:38
독도,20200204,17:39
독도,20200205,17:40
독도,20200206,17:42
독도,20200207,17:43
독도,20200208,17:44
독도,20200209,17:45
독도,20200210,17:46
독도,20200211,17:47
독도,20200212,17:48
독도,20200213,17:49
독도,20200214,17:50
독도,20200215,17:51
독도,20200216,17:52
독도,20200217,17:53
독도,20200218,17:54
독도,20200219,17:55
독도,20200220,17:56
독도,20200221,17:57
독도,20200222,17:59
독도,20200223,18:00
독도,20200224,18:01
독도,20200225,18:02
독도,20200226,18:03
독도,20200227,18:04
독도,20200228,18:05
독도,20200301,18:07
독도,20200302,18:08
독도,20200303,18:08
독도,20200304,18:09
독도,20200305,18:10
독도,20200306,18:11
독도,20200307,18:12
독도,20200308,18:13
독도,20200309,18:14
독도,20200310,18:15
독도,20200311,18:16
독도,20200312,18:17
독도,20200313,18:18
독도,20200314,18:19
독도,20200315,18:20
독도,20200316,18:21
독도,20200317,18:22
독도,20200318,18:23
독도,20200319,18:23
독도,20200320,18:24
독도,20200321,18:25
독도,20200322,18:26
독도,20200323,18:27
독도,20200324,18:28
독도,20200325,18:29
독도,20200326,18:30
독도,20200327,18:31
독도,20200328,18:32
독도,20200329,18:32
독도,20200330,18:33
독도,20200331,18:34
독도,20200401,18:35
독도,20200402,18:36
독도,20200403,18:37
독도,20200404,18:38
독도,20200405,18:39
독도,20200406,18:40
독도,20200407,18:40
독도,20200408,18:41
독도,20200409,18:42
독도,20200410,18:43
독도,20200411,18:44
독도,20200412,18:45
독도,20200413,18:46
독도,20200414,18:47
독도,20200415,18:48
독도,20200416,18:48
독도,20200417,18:49
독도,20200418,18:50
독도,20200419,18:51
독도,20200420,18:52
독도,20200421,18:53
독도,20200422,18:54
독도,20200423,18:55
독도,20200424,18:56
독도,20200425,18:57
독도,20200426,18:57
독도,20200427,18:58
독도,20200428,18:59
독도,20200429,19:00
독도,20200430,19:01
독도,20200501,19:02
독도,20200502,19:03
독도,20200503,19:04
독도,20200504,19:05
독도,20200505,19:06
독도,20200506,19:06
독도,20200507,19:07
독도,20200508,19:08
독도,20200509,19:09
독도,20200510,19:10
독도,20200511,19:11
독도,20200512,19:12
독도,20200513,19:13
독도,20200514,19:13
독도,20200515,19:14
독도,20200516,19:15
독도,20200517,19:16
독도,20200518,19:17
독도,20200519,19:18
독도,20200520,19:18
독도,20200521,19:19
독도,20200522,19:20
독도,20200523,19:21
독도,20200524,19:22
독도,20200525,19:22
독도,20200526,19:23
독도,20200527,19:24
독도,20200528,19:25
독도,20200529,19:25
독도,20200530,19:26
독도,20200531,19:27
독도,20200601,19:27
독도,20200602,19:28
독도,20200603,19:29
독도,20200604,19:29
독도,20200605,19:30
독도,20200606,19:30
독도,20200607,19:31
독도,20200608,19:31
독도,20200609,19:32
독도,20200610,19:32
독도,20200611,19:33
독도,20200612,19:33
독도,20200613,19:34
독도,20200614,19:34
독도,20200615,19:35
독도,20200616,19:35
독도,20200617,19:35
독도,20200618,19:36
독도,20200619,19:36
독도,20200620,19:36
독도,20200621,19:36
독도,20200622,19:36
독도,20200623,19:37
독도,20200624,19:37
독도,20200625,19:37
독도,20200626,19:37
독도,20200627,19:37
독도,20200628,19:37
독도,20200629,19:37
독도,20200630,19:37
독도,20200701,19:37
독도,20200702,19:37
독도,20200703,19:37
독도,20200704,19:36
독도,20200705,19:36
독도,20200706,19:36
독도,20200707,19:36
독도,20200708,19:35
독도,20200709,19:35
독도,20200710,19:35
독도,20200711,19:34
독도,20200712,19:34
독도,20200713,19:34
독도,20200714,19:33
독도,20200715,19:33
독도,20200716,19:32
독도,20200717,19:32
독도,20200718,19:31
독도,20200719,19:30
독도,20200720,19:30
독도,20200721,19:29
독도,20200722,19:28
독도,20200723,19:28
독도,20200724,19:27
독도,20200725,19:26
독도,20200726,19:25
독도,20200727,19:25
독도,20200728,19:24
독도,20200729,19:23
독도,20200730,19:22
독도,20200731,19:21
독도,20200801,19:20
독도,20200802,19:19
독도,20200803,19:18
독도,20200804,19:17
독도,20200805,19:16
독도,20200806,19:15
독도,20200807,19:14
독도,20200808,19:13
독도,20200809,19:12
독도,20200810,19:11
독도,20200811,19:09
독도,20200812,19:08
독도,20200813,19:07
독도,20200814,19:06
독도,20200815,19:05
독도,20200816,19:03
독도,20200817,19:02
독도,20200818,19:01
독도,20200819,18:59
독도,20200820,18:58
독도,20200821,18:57
독도,20200822,18:55
독도,20200823,18:54
독도,20200824,18:53
독도,20200825,18:51
독도,20200826,18:50
독도,20200827,18:49
독도,20200828,18:47
독도,20200829,18:46
독도,20200830,18:44
독도,20200831,18:43
독도,20200901,18:41
독도,20200902,18:40
독도,20200903,18:38
독도,20200904,18:37
독도,20200905,18:35
독도,20200906,18:34
독도,20200907,18:32
독도,20200908,18:31
독도,20200909,18:29
독도,20200910,18:28
독도,20200911,18:26
독도,20200912,18:25
독도,20200913,18:23
독도,20200914,18:22
독도,20200915,18:20
독도,20200916,18:19
독도,20200917,18:17
독도,20200918,18:16
독도,20200919,18:14
독도,20200920,18:13
독도,20200921,18:11
독도,20200922,18:10
독도,20200923,18:08
독도,20200924,18:06
독도,20200925,18:05
독도,20200926,18:03
독도,20200927,18:02
독도,20200928,18:00
독도,20200929,17:59
독도,20200930,17:57
독도,20201001,17:56
독도,20201002,17:54
독도,20201003,17:53
독도,20201004,17:51
독도,20201005,17:50
독도,20201006,17:48
독도,20201007,17:47
독도,20201008,17:46
독도,20201009,17:44
독도,20201010,17:43
독도,20201011,17:41
독도,20201012,17:40
독도,20201013,17:38
독도,20201014,17:37
독도,20201015,17:36
독도,20201016,17:34
독도,20201017,17:33
독도,20201018,17:32
독도,20201019,17:30
독도,20201020,17:29
독도,20201021,17:28
독도,20201022,17:26
독도,20201023,17:25
독도,20201024,17:24
독도,20201025,17:23
독도,20201026,17:22
독도,20201027,17:20
독도,20201028,17:19
독도,20201029,17:18
독도,20201030,17:17
독도,20201031,17:16
독도,20201101,17:15
독도,20201102,17:14
독도,20201103,17:13
독도,20201104,17:12
독도,20201105,17:11
독도,20201106,17:10
독도,20201107,17:09
독도,20201108,17:08
독도,20201109,17:07
독도,20201110,17:06
독도,20201111,17:05
독도,20201112,17:05
독도,20201113,17:04
독도,20201114,17:03
독도,20201115,17:02
독도,20201116,17:02
독도,20201117,17:01
독도,20201118,17:00
독도,20201119,17:00
독도,20201120,16:59
독도,20201121,16:59
독도,20201122,16:58
독도,20201123,16:58
독도,20201124,16:57
독도,20201125,16:57
독도,20201126,16:57
독도,20201127,16:56
독도,20201128,16:56
독도,20201129,16:56
독도,20201130,16:55
독도,20201201,16:55
독도,20201202,16:55
독도,20201203,16:55
독도,20201204,16:55
독도,20201205,16:55
독도,20201206,16:55
독도,20201207,16:55
독도,20201208,16:55
독도,20201209,16:55
독도,20201210,16:55
독도,20201211,16:55
독도,20201212,16:55
독도,20201213,16:56
독도,20201214,16:56
독도,20201215,16:56
독도,20201216,16:57
독도,20201217,16:57
독도,20201218,16:57
독도,20201219,16:58
독도,20201220,16:58
독도,20201221,16:59
독도,20201222,16:59
독도,20201223,17:00
독도,20201224,17:00
독도,20201225,17:01
독도,20201226,17:01
독도,20201227,17:02
독도,20201228,17:03
독도,20201229,17:03
독도,20201230,17:04
독도,20201231,17:05
